Workbook

Sheet SS
A1: MAHDRL_NTA | B1: MAHDRL_NHA | C1: MAHDRL_NVA | D1: MAHDRL_TL | E1: MAHDRL
A2: 314593.58 | B2: 323303.29 | C2: 318348.97 | D2: 312157.48 | E2: 315333.84
A3: 307368.97 | B3: 322909.43 | C3: 314678.33 | D3: 309428.75 | E3: 310463.1
A4: 306902.61 | B4: 327800.7 | C4: 310959.53 | D4: 307124.27 | E4: 307689.5
A5: 303779.7 | B5: 310819.14 | C5: 304349.75 | D5: 301991.99 | E5: 301510
A6: 306408.87 | B6: 314860.55 | C6: 309462.48 | D6: 306810.93 | E6: 305985.64
A7: 315914.01 | B7: 322038.27 | C7: 318176.56 | D7: 313493.79 | E7: 319159.21
A8: 312882.29 | B8: 317181.32 | C8: 314715.55 | D8: 312248.43 | E8: 311985.27
A9: 316365.58 | B9: 323360.24 | C9: 318125.64 | D9: 317364.71 | E9: 319049.2
A10: 307456.5 | B10: 315390.49 | C10: 309116.38 | D10: 306170.44 | E10: 308747.12
A11: 309563.78 | B11: 318794.14 | C11: 313964.12 | D11: 306399.1 | E11: 308582.35
A12: 307635.3 | B12: 316965.49 | C12: 309636.41 | D12: 302585.23 | E12: 303607.07
A13: 318118.38 | B13: 321094.12 | C13: 320250 | D13: 316107.13 | E13: 315500.82
... A31: 308437.09 | B31: 315424.67 | C31: 308480.57 | D31: 309430.9 | E31: 310035.3
A32: =AVERAGE(A2:A31) -> 310229.43 | B32: =AVERAGE(B2:B31) -> 318875.41 | C32: =AVERAGE(C2:C31) -> 312945.53 | D32: =AVERAGE(D1:D31) -> 309936.6 | E32: =AVERAGE(E2:E31) -> 310158.2
A33: =STDEV(A2:A31) -> 5696.7884 | B33: =STDEV(B2:B31) -> 5316.1163 | C33: =STDEV(C2:C31) -> 6095.461 | D33: =STDEV(D1:D31) -> 5586.0824 | E33: =STDEV(E2:E31) -> 6295.4949

Sheet SM
A1: MAHDRL_NTA | B1: MAHDRL_NHA | C1: MAHDRL_NVA | D1: MAHDRL_TL | E1: MAHDRL
A2: 322627.77 | B2: 347293.58 | C2: 324595.27 | D2: 321438.46 | E2: 323790.83
A3: 309561.21 | B3: 354681.55 | C3: 315994.86 | D3: 312100.95 | E3: 315750.56
A4: 337301.4 | B4: 375288.02 | C4: 347391.5 | D4: 347975.48 | E4: 345400.68
A5: 298307.14 | B5: 328259.13 | C5: 305711.92 | D5: 301125.09 | E5: 307158.83
A6: 304732.62 | B6: 337530.39 | C6: 301033.14 | D6: 317127.01 | E6: 301616.79
A7: 324982.92 | B7: 360073.31 | C7: 330459.5 | D7: 331699.88 | E7: 327613.26
A8: 301847.43 | B8: 338742.32 | C8: 305826.19 | D8: 310555.76 | E8: 317255.18
A9: 324920.26 | B9: 362976.77 | C9: 329999.86 | D9: 333378.56 | E9: 328913.26
A10: 297739.68 | B10: 335275.58 | C10: 307658.12 | D10: 303958.25 | E10: 300000.3
A11: 334111.1 | B11: 352833.94 | C11: 339011.39 | D11: 332861.85 | E11: 340160.2
A12: 315394.57 | B12: 360495.77 | C12: 329176.81 | D12: 331566.93 | E12: 326183.42
A13: 304487.45 | B13: 339352.81 | C13: 315606.35 | D13: 312724.9 | E13: 309588.92
... A31: 299410.66 | B31: 323729.82 | C31: 305502.85 | D31: 301571.2 | E31: 302928.58
A32: =AVERAGE(A2:A31) -> 318001.21 | B32: =AVERAGE(B2:B31) -> 350685.5 | C32: =AVERAGE(C2:C31) -> 324101.18 | D32: =AVERAGE(D2:D31) -> 323312.85 | E32: =AVERAGE(E2:E31) -> 325177.49
A33: =STDEV(A2:A31) -> 12580.805 | B33: =STDEV(B2:B31) -> 13838.05 | C33: =STDEV(C2:C31) -> 12917.622 | D33: =STDEV(D2:D31) -> 13854.512 | E33: =STDEV(E2:E31) -> 14892.628

Sheet SL
A1: MAHDRL_NTA | B1: MAHDRL_NHA | C1: MAHDRL_NVA | D1: MAHDRL_TL | E1: MAHDRL
A2: 332801.98 | B2: 402935.9 | C2: 367365.83 | D2: 350667.51 | E2: 342658.87
A3: 296184.33 | B3: 419319.33 | C3: 319350.93 | D3: 334994.97 | E3: 320853.55
A4: 352128.08 | B4: 453311.62 | C4: 378499.54 | D4: 366001.04 | E4: 358835.37
A5: 332354.93 | B5: 371271.04 | C5: 351202.02 | D5: 348789.47 | E5: 337083.75
A6: 299938.54 | B6: 386807.82 | C6: 320318.33 | D6: 337386.64 | E6: 316142.82
A7: 337727.07 | B7: 416060.1 | C7: 345335.73 | D7: 342035.38 | E7: 333206.9
A8: 314382.02 | B8: 386016.35 | C8: 317852.64 | D8: 340596.11 | E8: 304613.3
A9: 319680.89 | B9: 420728.75 | C9: 341610.26 | D9: 344709.43 | E9: 327861.2
A10: 294640.43 | B10: 385438.99 | C10: 299919.96 | D10: 319794.45 | E10: 283547.57
A11: 367817.19 | B11: 410710.49 | C11: 390763.5 | D11: 382852.38 | E11: 386654.11
A12: 334724.91 | B12: 428648.79 | C12: 339802.57 | D12: 348893.76 | E12: 343714.7
A13: 304629.17 | B13: 381544.7 | C13: 328392.75 | D13: 312328.36 | E13: 310210.2
... A31: 336701.15 | B31: 362745.08 | C31: 341486.83 | D31: 334702.7 | E31: 331642.49
A32: =AVERAGE(A2:A31) -> 332128.39 | B32: =AVERAGE(B2:B31) -> 408006.55 | C32: =AVERAGE(C2:C31) -> 346813.76 | D32: =AVERAGE(D2:D31) -> 345371.56 | E32: =AVERAGE(E2:E31) -> 330382.94
A33: =STDEV(A2:A31) -> 18123.98 | B33: =STDEV(B2:B31) -> 23897.825 | C33: =STDEV(C2:C31) -> 19688.82 | D33: =STDEV(D2:D31) -> 16883.076 | E33: =STDEV(E2:E31) -> 18702.957

Sheet MS
A1: MAHDRL_NTA | B1: MAHDRL_NHA | C1: MAHDRL_NVA | D1: MAHDRL_TL | E1: MAHDRL
A2: 503476.46 | B2: 507331.3 | C2: 503231.84 | D2: 502602.69 | E2: 503627.59
A3: 511541.5 | B3: 517157.03 | C3: 511695.5 | D3: 511148.99 | E3: 517590.61
A4: 509517.35 | B4: 515776.65 | C4: 506520.06 | D4: 508409.11 | E4: 507483.78
A5: 489542.58 | B5: 496135.8 | C5: 492432.56 | D5: 486978.8 | E5: 487274.42
A6: 481446.12 | B6: 483923.38 | C6: 481193.19 | D6: 479653.58 | E6: 482548.15
A7: 485499.28 | B7: 487920.69 | C7: 483427.01 | D7: 487558.9 | E7: 485910.45
A8: 510321.26 | B8: 519609.41 | C8: 513727.6 | D8: 510978.96 | E8: 510248.94
A9: 506655.05 | B9: 511181.01 | C9: 509244.33 | D9: 506401.92 | E9: 506943.73
A10: 493117.63 | B10: 495804.23 | C10: 492447.98 | D10: 494628.61 | E10: 493869.48
A11: 506461.86 | B11: 509394.3 | C11: 509987.08 | D11: 509797.31 | E11: 509439.6
A12: 492228.7 | B12: 496886.15 | C12: 488733.88 | D12: 485898.35 | E12: 487279.69
A13: 505849.02 | B13: 514534.21 | C13: 508760.97 | D13: 506309.24 | E13: 505801.86
... A31: 536689.36 | B31: 542064.38 | C31: 537556.07 | D31: 537724.36 | E31: 537214.39
A32: =AVERAGE(A2:A31) -> 501701.25 | B32: =AVERAGE(B2:B31) -> 505064.75 | C32: =AVERAGE(C2:C31) -> 502560.29 | D32: =AVERAGE(D2:D31) -> 501074.41 | E32: =AVERAGE(E2:E31) -> 500942.62
A33: =STDEV(A2:A31) -> 19872.855 | B33: =STDEV(B2:B31) -> 20538.983 | C33: =STDEV(C2:C31) -> 20946.706 | D33: =STDEV(D2:D31) -> 20087.006 | E33: =STDEV(E2:E31) -> 20670.079

Sheet MM
A1: MAHDRL_NTA | B1: MAHDRL_NHA | C1: MAHDRL_NVA | D1: MAHDRL_TL | E1: MAHDRL
A2: 500702.34 | B2: 509246.16 | C2: 492906.08 | D2: 490719.73 | E2: 493275.42
A3: 505028.64 | B3: 538348.3 | C3: 516014.27 | D3: 514840.94 | E3: 516978.4
A4: 511123.8 | B4: 552957.48 | C4: 508196.74 | D4: 516652.69 | E4: 517669.26
A5: 482456.33 | B5: 495418.52 | C5: 493450.39 | D5: 489010.37 | E5: 485553.07
A6: 476682.79 | B6: 484804.81 | C6: 478273.02 | D6: 477504.97 | E6: 476178.16
A7: 484932.61 | B7: 508438.37 | C7: 505242.7 | D7: 494698.08 | E7: 491737.09
A8: 519713.55 | B8: 531550.97 | C8: 519940.97 | D8: 516612.13 | E8: 519901.94
A9: 505932.49 | B9: 523760.02 | C9: 509064.5 | D9: 506283.57 | E9: 509700.98
A10: 489783.61 | B10: 503456.8 | C10: 492125.74 | D10: 494502.76 | E10: 488967.19
A11: 505425.05 | B11: 522760.77 | C11: 512106.01 | D11: 506560.26 | E11: 510960.84
A12: 493138.1 | B12: 547023.62 | C12: 498442.3 | D12: 503125.42 | E12: 497483.98
A13: 508385.31 | B13: 520411.47 | C13: 509808.52 | D13: 501384.67 | E13: 507814.78
... A31: 535466.82 | B31: 565405.05 | C31: 537352.17 | D31: 537778.44 | E31: 537035.64
A32: =AVERAGE(A2:A31) -> 499837.01 | B32: =AVERAGE(B2:B31) -> 520137.34 | C32: =AVERAGE(C2:C31) -> 504632.72 | D32: =AVERAGE(D2:D31) -> 502379.35 | E32: =AVERAGE(E2:E31) -> 502952.96
A33: =STDEV(A2:A31) -> 21334.553 | B33: =STDEV(B2:B31) -> 26569.784 | C33: =STDEV(C2:C31) -> 21952.832 | D33: =STDEV(D2:D31) -> 23248.779 | E33: =STDEV(E2:E31) -> 21668.083

Sheet ML
A1: MAHDRL_NTA | B1: MAHDRL_NHA | C1: MAHDRL_NVA | D1: MAHDRL_TL | E1: MAHDRL
A2: 525339.78 | B2: 541902.84 | C2: 539771.49 | D2: 514274.15 | E2: 526840.31
A3: 542776.29 | B3: 576079.92 | C3: 546511.58 | D3: 529761.48 | E3: 533414.92
A4: 572302.86 | B4: 599072.27 | C4: 585720.89 | D4: 557667.09 | E4: 556622.28
A5: 497227.56 | B5: 521012.69 | C5: 510572.31 | D5: 487472.44 | E5: 485725.44
A6: 513608.64 | B6: 520105.34 | C6: 511231.17 | D6: 504786.84 | E6: 488011.15
A7: 531832.86 | B7: 551389.25 | C7: 540835.94 | D7: 549159.86 | E7: 526408.91
A8: 530229.32 | B8: 556438.33 | C8: 541901.55 | D8: 523745.61 | E8: 526203.01
A9: 542106.8 | B9: 569225.1 | C9: 548496.9 | D9: 539257.81 | E9: 533002.9
A10: 513451.86 | B10: 536748.17 | C10: 522476.13 | D10: 499678.67 | E10: 506061.33
A11: 556683.16 | B11: 571141.82 | C11: 548798.07 | D11: 539312.93 | E11: 542418.08
A12: 538074.49 | B12: 571736.37 | C12: 544326.49 | D12: 529477.97 | E12: 531146.16
A13: 522220.97 | B13: 540824.48 | C13: 538228.27 | D13: 519885.43 | E13: 523114.34
... A31: 550882.76 | B31: 548960.09 | C31: 552326.99 | D31: 541170.86 | E31: 536518.48
A32: =AVERAGE(A2:A31) -> 536007.41 | B32: =AVERAGE(B2:B31) -> 556825.96 | C32: =AVERAGE(C2:C31) -> 543885.29 | D32: =AVERAGE(D2:D31) -> 527662.56 | E32: =AVERAGE(E2:E31) -> 527234.71
A33: =STDEV(A2:A31) -> 29850.732 | B33: =STDEV(B2:B31) -> 27599.538 | C33: =STDEV(C2:C31) -> 28623.933 | D33: =STDEV(D2:D31) -> 29950.243 | E33: =STDEV(E2:E31) -> 29404.901

Sheet LS
A1: MAHDRL_NTA | B1: MAHDRL_NHA | C1: MAHDRL_NVA | D1: MAHDRL_TL | E1: MAHDRL
A2: 819344.54 | B2: 825004.25 | C2: 824172.35 | D2: 818953.61 | E2: 821922.35
A3: 799575.6 | B3: 810233.24 | C3: 805333.06 | D3: 800896.64 | E3: 816644.46
A4: 844282.73 | B4: 842588.22 | C4: 839814.23 | D4: 843252.26 | E4: 845616.18
A5: 782831.18 | B5: 785900.78 | C5: 784398.84 | D5: 785767.11 | E5: 783623.64
A6: 772284.17 | B6: 775186.27 | C6: 772019.48 | D6: 768346.33 | E6: 771796.3
A7: 743751.73 | B7: 750277.8 | C7: 750776.07 | D7: 744089.5 | E7: 747111.06
A8: 832588.56 | B8: 831484.8 | C8: 827992.57 | D8: 827205.62 | E8: 832544.47
A9: 789476.83 | B9: 814006.17 | C9: 792822.99 | D9: 794349.27 | E9: 786547.55
A10: 840826.86 | B10: 847016.39 | C10: 841537.86 | D10: 838509.75 | E10: 837244.2
A11: 806829.64 | B11: 828727.66 | C11: 805457.89 | D11: 813107.14 | E11: 814551.62
A12: 809052.14 | B12: 809571.71 | C12: 814363.64 | D12: 805945.39 | E12: 806507.92
A13: 755965.9 | B13: 762271.43 | C13: 754559.15 | D13: 759979.8 | E13: 753922.08
... A31: 863794.17 | B31: 865606.53 | C31: 872355.32 | D31: 862363.62 | E31: 862755.65
A32: =AVERAGE(A2:A31) -> 804056.19 | B32: =AVERAGE(B2:B31) -> 810246.6 | C32: =AVERAGE(C2:C31) -> 805339.38 | D32: =AVERAGE(D2:D31) -> 803720.89 | E32: =AVERAGE(E2:E31) -> 804642.27
A33: =STDEV(A2:A31) -> 45831.282 | B33: =STDEV(B2:B31) -> 46672.961 | C33: =STDEV(C2:C31) -> 45896.895 | D33: =STDEV(D2:D31) -> 46467.118 | E33: =STDEV(E2:E31) -> 46126.761

Sheet LM
A1: MAHDRL_NTA | B1: MAHDRL_NHA | C1: MAHDRL_NVA | D1: MAHDRL_TL | E1: MAHDRL
A2: 829241.17 | B2: 837269.58 | C2: 822602.59 | D2: 826052.4 | E2: 818783.75
A3: 806494.89 | B3: 807884.21 | C3: 810720.39 | D3: 831567.02 | E3: 806654.9
A4: 839570.03 | B4: 849727.86 | C4: 835793.45 | D4: 843358.19 | E4: 838599.76
A5: 788969.79 | B5: 789444.01 | C5: 796222.5 | D5: 789684.65 | E5: 785887.09
A6: 771541.85 | B6: 772315.67 | C6: 770391.38 | D6: 772535.1 | E6: 773059.45
A7: 742766.03 | B7: 774679.15 | C7: 745397.04 | D7: 755887.27 | E7: 745173.45
A8: 839006.8 | B8: 848276.26 | C8: 832940.17 | D8: 838520.41 | E8: 842960.86
A9: 788629.5 | B9: 800519.12 | C9: 788402.57 | D9: 792922.77 | E9: 797557.52
A10: 839297.88 | B10: 866536.96 | C10: 842069.92 | D10: 837437.99 | E10: 842503.32
A11: 807182.24 | B11: 828583.11 | C11: 808036.99 | D11: 803096.68 | E11: 803614.22
A12: 808178.64 | B12: 834857.23 | C12: 815516.48 | D12: 813397.99 | E12: 815344.44
A13: 761067.35 | B13: 765271.42 | C13: 762593 | D13: 757411.87 | E13: 761613.59
... A31: 860745.96 | B31: 868292.44 | C31: 869207.32 | D31: 865006.17 | E31: 874164.15
A32: =AVERAGE(A2:A31) -> 805416.43 | B32: =AVERAGE(SS!B2:B31) -> 318875.41 | C32: =AVERAGE(C2:C31) -> 807839.28 | D32: =AVERAGE(D2:D31) -> 809035.39 | E32: =AVERAGE(E2:E31) -> 810019.56
A33: =STDEV(A2:A31) -> 44600.321 | B33: =STDEV(SS!B2:B31) -> 5316.1163 | C33: =STDEV(C2:C31) -> 46161.244 | D33: =STDEV(D2:D31) -> 46412.255 | E33: =STDEV(E2:E31) -> 45980.735

Sheet LL
A1: MAHDRL_NTA | B1: MAHDRL_NHA | C1: MAHDRL_NVA | D1: MAHDRL_TL | E1: MAHDRL
A2: 820611.46 | B2: 825112.69 | C2: 839575.38 | D2: 808145.53 | E2: 818739.19
A3: 833834.98 | B3: 861695.42 | C3: 812831.35 | D3: 809672.8 | E3: 816604.95
A4: 864347.26 | B4: 889186.48 | C4: 872907.66 | D4: 850742.61 | E4: 865336.75
A5: 789093.29 | B5: 807356.08 | C5: 803653.01 | D5: 858500.1 | E5: 785481.46
A6: 786036.62 | B6: 794361.91 | C6: 785598.45 | D6: 763586.92 | E6: 773975.41
A7: 756840.02 | B7: 777995.65 | C7: 781911.74 | D7: 754752.84 | E7: 759649.25
A8: 875497.69 | B8: 864697.59 | C8: 862731.5 | D8: 846632.19 | E8: 862120.16
A9: 806459.39 | B9: 810008.71 | C9: 828999.56 | D9: 801166.27 | E9: 799846.08
A10: 855156.99 | B10: 856780.14 | C10: 848970.89 | D10: 854773.08 | E10: 842076.92
A11: 831844.21 | B11: 821822.23 | C11: 839450.51 | D11: 827310.98 | E11: 821003.57
A12: 854538.03 | B12: 855499.22 | C12: 834898.52 | D12: 827733.23 | E12: 826303.06
A13: 772000.61 | B13: 773701.54 | C13: 761030.31 | D13: 759032.33 | E13: 778788.52
... A31: 871283.94 | B31: 888145.53 | C31: 884969.36 | D31: 871741.23 | E31: 862685.26
A32: =AVERAGE(A2:A31) -> 825567.78 | B32: =AVERAGE(B2:B31) -> 834577.52 | C32: =AVERAGE(C2:C31) -> 827502.97 | D32: =AVERAGE(SS!D2:D31) -> 309936.6 | E32: =AVERAGE(E2:E31) -> 816521.51
A33: =STDEV(A2:A31) -> 46137.945 | B33: =STDEV(B2:B31) -> 51255.668 | C33: =STDEV(C2:C31) -> 48909.931 | D33: =STDEV(SS!D2:D31) -> 5586.0824 | E33: =STDEV(E2:E31) -> 49283.389

Sheet STD
B1: ERTF_FIFS | C1: PD3QN | D1: MARL | E1: IRWS | F1: MAHDRL
A2: SS | B2: =SS!A33 -> 5696.7884 | C2: =SS!B33 -> 5316.1163 | D2: =SS!C33 -> 6095.461 | E2: =SS!D33 -> 5586.0824 | F2: =SS!E33 -> 6295.4949
A3: SM | B3: =SM!A33 -> 12580.805 | C3: =SM!B33 -> 13838.05 | D3: =SM!C33 -> 12917.622 | E3: =SM!D33 -> 13854.512 | F3: =SM!E33 -> 14892.628
A4: SL | B4: =SL!A33 -> 18123.98 | C4: =SL!B33 -> 23897.825 | D4: =SL!C33 -> 19688.82 | E4: =SL!D33 -> 16883.076 | F4: =SL!E33 -> 18702.957
A5: MS | B5: =MS!A33 -> 19872.855 | C5: =MS!B33 -> 20538.983 | D5: =MS!C33 -> 20946.706 | E5: =MS!D33 -> 20087.006 | F5: =MS!E33 -> 20670.079
A6: MM | B6: =MM!A33 -> 21334.553 | C6: =MM!B33 -> 26569.784 | D6: =MM!C33 -> 21952.832 | E6: =MM!D33 -> 23248.779 | F6: =MM!E33 -> 21668.083
A7: ML | B7: =ML!A33 -> 29850.732 | C7: =ML!B33 -> 27599.538 | D7: =ML!C33 -> 28623.933 | E7: =ML!D33 -> 29950.243 | F7: =ML!E33 -> 29404.901
A8: LS | B8: =LS!A33 -> 45831.282 | C8: =LS!B33 -> 46672.961 | D8: =LS!C33 -> 45896.895 | E8: =LS!D33 -> 46467.118 | F8: =LS!E33 -> 46126.761
A9: LM | B9: =LM!A33 -> 44600.321 | C9: =LM!B33 -> 5316.1163 | D9: =LM!C33 -> 46161.244 | E9: =LM!D33 -> 46412.255 | F9: =LM!E33 -> 45980.735
A10: LL | B10: =LL!A33 -> 46137.945 | C10: =LL!B33 -> 51255.668 | D10: =LL!C33 -> 48909.931 | E10: =LL!D33 -> 5586.0824 | F10: =LL!E33 -> 49283.389
