Workbook

Sheet SS
A1: MAHDRL_NTA | B1: MAHDRL_NHA | C1: MAHDRL_NVA | D1: MAHDRL_TL | E1: MAHDRL
A2: 313821.35 | B2: 319165.36 | C2: 315272.21 | D2: 314459.07 | E2: 312208.12
A3: 307321.93 | B3: 317642.66 | C3: 312941.95 | D3: 311597.17 | E3: 307897.34
A4: 306977.15 | B4: 322518.17 | C4: 310492.85 | D4: 310034.11 | E4: 308314.92
A5: 301576.57 | B5: 309741.55 | C5: 305675.73 | D5: 305235.84 | E5: 303030.99
A6: 306188.45 | B6: 313600.1 | C6: 308967.93 | D6: 307995.23 | E6: 306892.28
A7: 314461.73 | B7: 319146.37 | C7: 321128.98 | D7: 314490.05 | E7: 314249.94
A8: 311792.41 | B8: 315795.68 | C8: 313705.43 | D8: 310824.78 | E8: 310186.15
A9: 316842.43 | B9: 321053.71 | C9: 318177.24 | D9: 317468.35 | E9: 317249.65
A10: 308614.92 | B10: 310283.13 | C10: 309097.27 | D10: 309007.25 | E10: 309569.29
A11: 306272.9 | B11: 317190.42 | C11: 312441.05 | D11: 306950.2 | E11: 310078.43
A12: 304500.83 | B12: 314616.78 | C12: 306395.13 | D12: 308536.08 | E12: 301447.21
A13: 315493.91 | B13: 321346.79 | C13: 320172.62 | D13: 315086.24 | E13: 316361.44
... A31: 308422.3 | B31: 311516.12 | C31: 309710.72 | D31: 308822.18 | E31: 311280.28
A32: =AVERAGE(A2:A31) -> 309519.29 | B32: =AVERAGE(B2:B31) -> 316835.93 | C32: =AVERAGE(C2:C31) -> 312796.82 | D32: =AVERAGE(D1:D31) -> 310644.21 | E32: =AVERAGE(E2:E31) -> 309986.84
A33: =STDEV(A2:A31) -> 5785.728 | B33: =STDEV(B2:B31) -> 5963.2939 | C33: =STDEV(C2:C31) -> 5336.8469 | D33: =STDEV(D1:D31) -> 5362.9891 | E33: =STDEV(E2:E31) -> 5346.6504

Sheet SM
A1: MAHDRL_NTA | B1: MAHDRL_NHA | C1: MAHDRL_NVA | D1: MAHDRL_TL | E1: MAHDRL
A2: 320740.93 | B2: 347369.91 | C2: 325375.47 | D2: 328062.93 | E2: 321975.36
A3: 308218.53 | B3: 355970.02 | C3: 319260.96 | D3: 317642.13 | E3: 312512
A4: 339163.15 | B4: 377074.03 | C4: 338498.2 | D4: 349240.56 | E4: 337741.73
A5: 300442.36 | B5: 334646.46 | C5: 303660.6 | D5: 306162.69 | E5: 304290.48
A6: 309515.53 | B6: 338875.27 | C6: 308424.93 | D6: 313057.82 | E6: 306710.73
A7: 327992.03 | B7: 360322.1 | C7: 330248.76 | D7: 328152.47 | E7: 332728.11
A8: 308309.62 | B8: 341907.4 | C8: 319273.82 | D8: 319542.13 | E8: 307392.12
A9: 321467.44 | B9: 358284.98 | C9: 330670.58 | D9: 330864.59 | E9: 329561.51
A10: 309754.99 | B10: 330366.05 | C10: 311629.41 | D10: 307292.22 | E10: 304346.88
A11: 331719.83 | B11: 354597.7 | C11: 336944.88 | D11: 335600.2 | E11: 338696.96
A12: 320907.5 | B12: 369730.88 | C12: 329765.39 | D12: 333656.46 | E12: 321791.5
A13: 309204.17 | B13: 336428.84 | C13: 314766.17 | D13: 308250.01 | E13: 310649
... A31: 302860.66 | B31: 332772.52 | C31: 304933.31 | D31: 299565.13 | E31: 303057.94
A32: =AVERAGE(A2:A31) -> 320949.88 | B32: =AVERAGE(B2:B31) -> 351277.18 | C32: =AVERAGE(C2:C31) -> 326888.16 | D32: =AVERAGE(D2:D31) -> 326194.12 | E32: =AVERAGE(E2:E31) -> 321647.93
A33: =STDEV(A2:A31) -> 12496.934 | B33: =STDEV(B2:B31) -> 13949.297 | C33: =STDEV(C2:C31) -> 11967.917 | D33: =STDEV(D2:D31) -> 14484.979 | E33: =STDEV(E2:E31) -> 12157.732

Sheet SL
A1: MAHDRL_NTA | B1: MAHDRL_NHA | C1: MAHDRL_NVA | D1: MAHDRL_TL | E1: MAHDRL
A2: 354655.64 | B2: 405292.55 | C2: 333954.81 | D2: 337227.67 | E2: 337889.18
A3: 303899.38 | B3: 420231.43 | C3: 311005.9 | D3: 333006.11 | E3: 304351.6
A4: 356538.18 | B4: 450437.92 | C4: 357973.59 | D4: 359483.62 | E4: 337243.52
A5: 339667.83 | B5: 368154.56 | C5: 344820.37 | D5: 313860.03 | E5: 312351.5
A6: 317126.56 | B6: 389729.83 | C6: 310443.86 | D6: 336264.86 | E6: 303599.09
A7: 334117.71 | B7: 416303 | C7: 346805.95 | D7: 340968.27 | E7: 325420.91
A8: 301510.44 | B8: 384902.84 | C8: 316348.28 | D8: 339567.88 | E8: 308606.52
A9: 320472.64 | B9: 418836.47 | C9: 326802.1 | D9: 345678.45 | E9: 329608.27
A10: 298530.82 | B10: 383431.32 | C10: 306154.65 | D10: 312939.81 | E10: 281726.39
A11: 388531.66 | B11: 416543.66 | C11: 374022.4 | D11: 387203.62 | E11: 378984.79
A12: 327720.14 | B12: 428519.07 | C12: 330116.92 | D12: 349938.05 | E12: 321728.67
A13: 300026.86 | B13: 383002.86 | C13: 317985.6 | D13: 310062.01 | E13: 300722.05
... A31: 335888.15 | B31: 358103.66 | C31: 342373.16 | D31: 342349.53 | E31: 326584.89
A32: =AVERAGE(A2:A31) -> 331570.32 | B32: =AVERAGE(B2:B31) -> 408407.64 | C32: =AVERAGE(C2:C31) -> 336500.91 | D32: =AVERAGE(D2:D31) -> 341688.37 | E32: =AVERAGE(E2:E31) -> 324051.56
A33: =STDEV(A2:A31) -> 20429.605 | B33: =STDEV(B2:B31) -> 24142.401 | C33: =STDEV(C2:C31) -> 17244.218 | D33: =STDEV(D2:D31) -> 18088.727 | E33: =STDEV(E2:E31) -> 18712.104

Sheet MS
A1: MAHDRL_NTA | B1: MAHDRL_NHA | C1: MAHDRL_NVA | D1: MAHDRL_TL | E1: MAHDRL
A2: 502939.62 | B2: 507066.03 | C2: 503027.09 | D2: 503184.97 | E2: 503730.42
A3: 514222.4 | B3: 514487.84 | C3: 514096.47 | D3: 511046.15 | E3: 513451.31
A4: 504204.86 | B4: 508899.76 | C4: 509274.59 | D4: 515411.61 | E4: 505046.07
A5: 489473.58 | B5: 491082.73 | C5: 490677.86 | D5: 488907.82 | E5: 487302.02
A6: 479738.45 | B6: 482038.66 | C6: 488380.89 | D6: 481251.82 | E6: 478957.26
A7: 485130.87 | B7: 485794.43 | C7: 490964.3 | D7: 484738.95 | E7: 484552.59
A8: 511669.24 | B8: 515830.67 | C8: 512663.43 | D8: 514460.62 | E8: 510803.68
A9: 511564.28 | B9: 509139.78 | C9: 509403.26 | D9: 506075.29 | E9: 505574.18
A10: 493921.02 | B10: 496874.84 | C10: 496075.62 | D10: 493121.59 | E10: 492634.74
A11: 507243.64 | B11: 507965.64 | C11: 507722.89 | D11: 505109.17 | E11: 508337.33
A12: 486294.91 | B12: 493162.28 | C12: 487728.73 | D12: 487159.82 | E12: 487238.33
A13: 508029.68 | B13: 508122.86 | C13: 508665.01 | D13: 507702.78 | E13: 507681.59
... A31: 537728.7 | B31: 539818.95 | C31: 539307.89 | D31: 537685.47 | E31: 538313.38
A32: =AVERAGE(A2:A31) -> 500918.4 | B32: =AVERAGE(B2:B31) -> 503591.62 | C32: =AVERAGE(C2:C31) -> 503255.1 | D32: =AVERAGE(D2:D31) -> 501421.45 | E32: =AVERAGE(E2:E31) -> 500851.52
A33: =STDEV(A2:A31) -> 20885.128 | B33: =STDEV(B2:B31) -> 20195.419 | C33: =STDEV(C2:C31) -> 20538.46 | D33: =STDEV(D2:D31) -> 20398.342 | E33: =STDEV(E2:E31) -> 20700.494

Sheet MM
A1: MAHDRL_NTA | B1: MAHDRL_NHA | C1: MAHDRL_NVA | D1: MAHDRL_TL | E1: MAHDRL
A2: 498308.54 | B2: 511532.14 | C2: 501240.92 | D2: 492504.72 | E2: 489961.93
A3: 517574.28 | B3: 533108.61 | C3: 520253.66 | D3: 517868.99 | E3: 511062.35
A4: 504381.99 | B4: 537621.28 | C4: 519136.1 | D4: 520262.91 | E4: 514436.36
A5: 486895.36 | B5: 503877.9 | C5: 492479.79 | D5: 489370.13 | E5: 484827.02
A6: 475359.34 | B6: 513333.81 | C6: 479342.46 | D6: 475898.53 | E6: 473907.57
A7: 489474.41 | B7: 510523.2 | C7: 493689.05 | D7: 488018.37 | E7: 493609.96
A8: 518979.45 | B8: 529950.29 | C8: 519813.51 | D8: 525381.5 | E8: 514053.66
A9: 508213.67 | B9: 521304.07 | C9: 518584.08 | D9: 509381.31 | E9: 508549.03
A10: 487764.95 | B10: 506489.67 | C10: 488217.58 | D10: 508704.83 | E10: 487421.98
A11: 515064.13 | B11: 524977.37 | C11: 510604.64 | D11: 510829.66 | E11: 509243.52
A12: 507876.57 | B12: 513932.56 | C12: 501667.85 | D12: 494910.39 | E12: 500298.43
A13: 507049.55 | B13: 514120.58 | C13: 516272.5 | D13: 504723.06 | E13: 502080.15
... A31: 535166.07 | B31: 543162.22 | C31: 538353.64 | D31: 538822.52 | E31: 536842.56
A32: =AVERAGE(A2:A31) -> 501938.59 | B32: =AVERAGE(B2:B31) -> 520796.48 | C32: =AVERAGE(C2:C31) -> 507459.86 | D32: =AVERAGE(D2:D31) -> 503050.71 | E32: =AVERAGE(E2:E31) -> 501806.34
A33: =STDEV(A2:A31) -> 21492.252 | B33: =STDEV(B2:B31) -> 22764.499 | C33: =STDEV(C2:C31) -> 22072.86 | D33: =STDEV(D2:D31) -> 21986.221 | E33: =STDEV(E2:E31) -> 21321.923

Sheet ML
A1: MAHDRL_NTA | B1: MAHDRL_NHA | C1: MAHDRL_NVA | D1: MAHDRL_TL | E1: MAHDRL
A2: 524155.24 | B2: 547670.82 | C2: 525723.61 | D2: 515747.08 | E2: 521178.6
A3: 522816.04 | B3: 573812.98 | C3: 540613.26 | D3: 531117.58 | E3: 523232.39
A4: 556294.56 | B4: 600337.2 | C4: 562264.05 | D4: 562803.6 | E4: 550571.43
A5: 482507.08 | B5: 516369.61 | C5: 492316.72 | D5: 486816.01 | E5: 479385.11
A6: 491984.58 | B6: 512907.74 | C6: 489728.07 | D6: 488532.74 | E6: 485467.43
A7: 536299.46 | B7: 548134.65 | C7: 539107.93 | D7: 520614.93 | E7: 527545.01
A8: 531778.84 | B8: 559569.92 | C8: 532029.74 | D8: 527699.72 | E8: 528990.55
A9: 529373.68 | B9: 562858.21 | C9: 540293.98 | D9: 534596.97 | E9: 523867.72
A10: 495110.74 | B10: 538452.94 | C10: 508005.39 | D10: 501854.98 | E10: 491322.77
A11: 540334.82 | B11: 572023.43 | C11: 547883.8 | D11: 537833.9 | E11: 540008.54
A12: 524866.39 | B12: 573170.83 | C12: 527783.82 | D12: 535040.92 | E12: 535487.13
A13: 518874.88 | B13: 536438.55 | C13: 522098.5 | D13: 523952.29 | E13: 513675.1
... A31: 533118.48 | B31: 561925.42 | C31: 548512.8 | D31: 529663.26 | E31: 529213.42
A32: =AVERAGE(A2:A31) -> 524943.57 | B32: =AVERAGE(B2:B31) -> 557109.68 | C32: =AVERAGE(C2:C31) -> 531663.07 | D32: =AVERAGE(D2:D31) -> 524599.29 | E32: =AVERAGE(E2:E31) -> 522417.45
A33: =STDEV(A2:A31) -> 28177.05 | B33: =STDEV(B2:B31) -> 30382.525 | C33: =STDEV(C2:C31) -> 27996.224 | D33: =STDEV(D2:D31) -> 28652.977 | E33: =STDEV(E2:E31) -> 31981.908

Sheet LS
A1: MAHDRL_NTA | B1: MAHDRL_NHA | C1: MAHDRL_NVA | D1: MAHDRL_TL | E1: MAHDRL
A2: 821480.96 | B2: 822280.73 | C2: 823705.8 | D2: 822503.1 | E2: 825703.86
A3: 798974.13 | B3: 802186.91 | C3: 801864.52 | D3: 800787.5 | E3: 799639.71
A4: 840094.11 | B4: 841990.6 | C4: 841980.41 | D4: 844955.76 | E4: 846309.07
A5: 794328.2 | B5: 788337.85 | C5: 784178.34 | D5: 788158.41 | E5: 783775.49
A6: 770037.46 | B6: 769711.44 | C6: 773359.19 | D6: 769172.73 | E6: 769710.4
A7: 752311.59 | B7: 750079.99 | C7: 756191.9 | D7: 743983 | E7: 744751.02
A8: 831126.27 | B8: 835382.28 | C8: 829406.63 | D8: 828408.28 | E8: 831317.56
A9: 788250.67 | B9: 788702.06 | C9: 795499.88 | D9: 792370.25 | E9: 789229.62
A10: 849205.76 | B10: 840564.17 | C10: 851333.3 | D10: 842345.1 | E10: 841187.19
A11: 803207.7 | B11: 808037.05 | C11: 816152.68 | D11: 812459.47 | E11: 803186.98
A12: 805555.31 | B12: 809639.98 | C12: 811283.3 | D12: 828639.6 | E12: 804743.37
A13: 756301.54 | B13: 756625.77 | C13: 760957.6 | D13: 759355.24 | E13: 765004.35
... A31: 859945.26 | B31: 864118.08 | C31: 869659.63 | D31: 863229.93 | E31: 868297.38
A32: =AVERAGE(A2:A31) -> 804548.89 | B32: =AVERAGE(B2:B31) -> 805595.74 | C32: =AVERAGE(C2:C31) -> 807807.62 | D32: =AVERAGE(D2:D31) -> 807621.81 | E32: =AVERAGE(E2:E31) -> 804402.33
A33: =STDEV(A2:A31) -> 45875.18 | B33: =STDEV(B2:B31) -> 46086.631 | C33: =STDEV(C2:C31) -> 46772.434 | D33: =STDEV(D2:D31) -> 47994.858 | E33: =STDEV(E2:E31) -> 46705.027

Sheet LM
A1: MAHDRL_NTA | B1: MAHDRL_NHA | C1: MAHDRL_NVA | D1: MAHDRL_TL | E1: MAHDRL
A2: 824214.47 | B2: 832303.94 | C2: 828716.73 | D2: 825029.95 | E2: 827519.81
A3: 809610.68 | B3: 810544.47 | C3: 808903.69 | D3: 814731.15 | E3: 808066.86
A4: 852210.67 | B4: 854364.73 | C4: 851355.2 | D4: 852805 | E4: 843453.24
A5: 789946.86 | B5: 842901.87 | C5: 782931.64 | D5: 788957.99 | E5: 785053.76
A6: 772455.56 | B6: 774440.66 | C6: 788078.69 | D6: 784710.78 | E6: 769476.84
A7: 744522.27 | B7: 750239.45 | C7: 746612.76 | D7: 752831.32 | E7: 740998.54
A8: 833857.64 | B8: 888563.5 | C8: 831466.57 | D8: 842562.09 | E8: 833938.36
A9: 784480.38 | B9: 806856.38 | C9: 791569.91 | D9: 793823.72 | E9: 814873.98
A10: 841301.17 | B10: 855686.77 | C10: 838268.43 | D10: 848118.46 | E10: 852067.25
A11: 816532.05 | B11: 804970.88 | C11: 811640.75 | D11: 804018.82 | E11: 830344.72
A12: 826430.57 | B12: 821655.2 | C12: 813694.62 | D12: 807994.03 | E12: 815421.89
A13: 765908.6 | B13: 814421.75 | C13: 765081.68 | D13: 771206.1 | E13: 768051.67
... A31: 871250.86 | B31: 872668.18 | C31: 876198.23 | D31: 871597.45 | E31: 872653.44
A32: =AVERAGE(A2:A31) -> 810855.63 | B32: =AVERAGE(B2:B31) -> 818801.82 | C32: =AVERAGE(C2:C31) -> 810728.42 | D32: =AVERAGE(D2:D31) -> 811333.46 | E32: =AVERAGE(E2:E31) -> 810063.1
A33: =STDEV(A2:A31) -> 46278.214 | B33: =STDEV(B2:B31) -> 48014.214 | C33: =STDEV(C2:C31) -> 48770.514 | D33: =STDEV(D2:D31) -> 46707.857 | E33: =STDEV(E2:E31) -> 48098.365

Sheet LL
A1: MAHDRL_NTA | B1: MAHDRL_NHA | C1: MAHDRL_NVA | D1: MAHDRL_TL | E1: MAHDRL
A2: 818660.4 | B2: 859051.8 | C2: 835360.84 | D2: 814817.33 | E2: 814138.85
A3: 811946.84 | B3: 828587.08 | C3: 823428.19 | D3: 824834.5 | E3: 809732.34
A4: 871646.15 | B4: 885447.28 | C4: 860935.54 | D4: 893632.65 | E4: 860493.15
A5: 781142.46 | B5: 798979.47 | C5: 791850.72 | D5: 803047.23 | E5: 784663.68
A6: 763009.51 | B6: 783302.44 | C6: 775406.74 | D6: 830526.82 | E6: 776129.39
A7: 760822.98 | B7: 783035.05 | C7: 774057.25 | D7: 768740.17 | E7: 769350.58
A8: 843496.33 | B8: 946171.12 | C8: 848882.24 | D8: 850986.12 | E8: 858003.05
A9: 793133.9 | B9: 829041.42 | C9: 811810.91 | D9: 808672.23 | E9: 793919.38
A10: 832359.47 | B10: 873820.83 | C10: 848119.89 | D10: 862214 | E10: 835646.2
A11: 811809.07 | B11: 825915.14 | C11: 828825.67 | D11: 816273.63 | E11: 836738.19
A12: 833639.81 | B12: 864656.19 | C12: 838124.59 | D12: 826704.7 | E12: 818976.78
A13: 756644.94 | B13: 786108.33 | C13: 766980.76 | D13: 768783.2 | E13: 759827.85
... A31: 870544.9 | B31: 874964.58 | C31: 873772.38 | D31: 874179 | E31: 885580.02
A32: =AVERAGE(A2:A31) -> 814353.02 | B32: =AVERAGE(B2:B31) -> 838243.07 | C32: =AVERAGE(C2:C31) -> 825338.61 | D32: =AVERAGE(D2:D31) -> 828151.59 | E32: =AVERAGE(E2:E31) -> 818459.5
A33: =STDEV(A2:A31) -> 49607.641 | B33: =STDEV(B2:B31) -> 49407.517 | C33: =STDEV(C2:C31) -> 48055.102 | D33: =STDEV(D2:D31) -> 47038.63 | E33: =STDEV(E2:E31) -> 50434.154

Sheet STD
B1: ERTF_FIFS | C1: PD3QN | D1: MARL | E1: IRWS | F1: MAHDRL
A2: SS | B2: =SS!A33 -> 5785.728 | C2: =SS!B33 -> 5963.2939 | D2: =SS!C33 -> 5336.8469 | E2: =SS!D33 -> 5362.9891 | F2: =SS!E33 -> 5346.6504
A3: SM | B3: =SM!A33 -> 12496.934 | C3: =SM!B33 -> 13949.297 | D3: =SM!C33 -> 11967.917 | E3: =SM!D33 -> 14484.979 | F3: =SM!E33 -> 12157.732
A4: SL | B4: =SL!A33 -> 20429.605 | C4: =SL!B33 -> 24142.401 | D4: =SL!C33 -> 17244.218 | E4: =SL!D33 -> 18088.727 | F4: =SL!E33 -> 18712.104
A5: MS | B5: =MS!A33 -> 20885.128 | C5: =MS!B33 -> 20195.419 | D5: =MS!C33 -> 20538.46 | E5: =MS!D33 -> 20398.342 | F5: =MS!E33 -> 20700.494
A6: MM | B6: =MM!A33 -> 21492.252 | C6: =MM!B33 -> 22764.499 | D6: =MM!C33 -> 22072.86 | E6: =MM!D33 -> 21986.221 | F6: =MM!E33 -> 21321.923
A7: ML | B7: =ML!A33 -> 28177.05 | C7: =ML!B33 -> 30382.525 | D7: =ML!C33 -> 27996.224 | E7: =ML!D33 -> 28652.977 | F7: =ML!E33 -> 31981.908
A8: LS | B8: =LS!A33 -> 45875.18 | C8: =LS!B33 -> 46086.631 | D8: =LS!C33 -> 46772.434 | E8: =LS!D33 -> 47994.858 | F8: =LS!E33 -> 46705.027
A9: LM | B9: =LM!A33 -> 46278.214 | C9: =LM!B33 -> 48014.214 | D9: =LM!C33 -> 48770.514 | E9: =LM!D33 -> 46707.857 | F9: =LM!E33 -> 48098.365
A10: LL | B10: =LL!A33 -> 49607.641 | C10: =LL!B33 -> 49407.517 | D10: =LL!C33 -> 48055.102 | E10: =LL!D33 -> 47038.63 | F10: =LL!E33 -> 50434.154
